title,genres
The Matrix,Action Science-Fiction Thriller
Inception,Action Science-Fiction Thriller
Interstellar,Science-Fiction Drama Adventure
The Dark Knight,Action Crime Drama Thriller
Titanic,Romance Drama
The Notebook,Romance Drama
Toy Story,Animation Comedy Family
Finding Nemo,Animation Adventure Family
The Avengers,Action Adventure Science-Fiction
Iron Man,Action Adventure Science-Fiction
The Conjuring,Horror Mystery Thriller
A Quiet Place,Horror Science-Fiction Thriller
Jurassic Park,Adventure Science-Fiction Thriller
Gladiator,Action Drama Adventure
La La Land,Romance Drama Musical